{
  "t": 60.005453505856764,
  "Re": 200,
  "q_inf": 0.06300000000497769,
  "p_inf": 1.0,
  "arm_pressure": {
    "FL": 0.9951702978537978,
    "FR": 0.9889637429809952,
    "RL": 0.9951702981441151,
    "RR": 0.988963743414857
  },
  "arm_Cp": {
    "FL": -0.07666193882254847,
    "FR": -0.17517868282750487,
    "RL": -0.07666193421433871,
    "RR": -0.17517867594080908
  }
}